INSERT INTO CUSTOMER (CUSTOMER_KEY, CUSTOMER_NAME, FIRST_NAME, LAST_NAME, EMAIL, BIRTHDATE, ENABLED, PASSWORD) VALUES (1, 'admin', 'Максим', 'Драгун', 'admin@mail.ru', '1991-02-04', true, 'fcc67c9419ac441040f62374dfb1d4ca455c9b4cd0a1f180efb48b4dd607f44019ab34a51c38af1e');
INSERT INTO CUSTOMER (CUSTOMER_KEY, CUSTOMER_NAME, FIRST_NAME, LAST_NAME, EMAIL, BIRTHDATE, ENABLED, PASSWORD) VALUES (2, 'guest', 'Гость', '', 'guest@expman.ru', null, true, 'fcc67c9419ac441040f62374dfb1d4ca455c9b4cd0a1f180efb48b4dd607f44019ab34a51c38af1e');
INSERT INTO CUSTOMER (CUSTOMER_KEY, CUSTOMER_NAME, FIRST_NAME, LAST_NAME, EMAIL, BIRTHDATE, ENABLED, PASSWORD) VALUES (3, 'makseemka', 'Максим', 'Драгун', 'max@mail.ru', '1991-02-04', true, 'fcc67c9419ac441040f62374dfb1d4ca455c9b4cd0a1f180efb48b4dd607f44019ab34a51c38af1e');

INSERT INTO ROLE (ROLE_KEY, ROLE_NAME) VALUES (1, 'ADMIN');
INSERT INTO ROLE (ROLE_KEY, ROLE_NAME) VALUES (2, 'CUSTOMER');
INSERT INTO ROLE (ROLE_KEY, ROLE_NAME) VALUES (3, 'ANONYMOUS');

INSERT INTO CUSTOMER_ROLE (CUSTOMER_KEY, ROLE_KEY) VALUES (1, 1);
INSERT INTO CUSTOMER_ROLE (CUSTOMER_KEY, ROLE_KEY) VALUES (1, 2);
INSERT INTO CUSTOMER_ROLE (CUSTOMER_KEY, ROLE_KEY) VALUES (3, 2);
INSERT INTO CUSTOMER_ROLE (CUSTOMER_KEY, ROLE_KEY) VALUES (2, 3);

INSERT INTO ACCOUNT (ACCOUNT_KEY, NUMBER, CURRENCY, CUSTOMER_KEY, TYPE) VALUES ('1', 'BYR0000000001', 'BYR', '3', 1);
INSERT INTO ACCOUNT (ACCOUNT_KEY, NUMBER, CURRENCY, CUSTOMER_KEY, TYPE) VALUES ('2', 'USD0000000002', 'USD', '3', 1);
INSERT INTO ACCOUNT (ACCOUNT_KEY, NUMBER, CURRENCY, CUSTOMER_KEY, TYPE) VALUES ('3', 'EUR0000000003', 'EUR', '3', 1);
INSERT INTO ACCOUNT (ACCOUNT_KEY, NUMBER, CURRENCY, CUSTOMER_KEY, TYPE) VALUES ('4', '3014486081004', 'BYR', '3', 2);
INSERT INTO ACCOUNT (ACCOUNT_KEY, NUMBER, CURRENCY, CUSTOMER_KEY, TYPE) VALUES ('5', '3014486081001', 'USD', '3', 2);
INSERT INTO ACCOUNT (ACCOUNT_KEY, NUMBER, CURRENCY, CUSTOMER_KEY, TYPE) VALUES ('6', '3014486081020', 'BYR', '3', 2);

INSERT INTO TRANSACTION_TYPE (TRANSACTION_TYPE_KEY, NAME, TYPE, CUSTOMER_KEY, PARENT_KEY) VALUES ('1', 'Зарплата', 'D', '3', null);
INSERT INTO TRANSACTION_TYPE (TRANSACTION_TYPE_KEY, NAME, TYPE, CUSTOMER_KEY, PARENT_KEY) VALUES ('2', 'Еда', 'C', '3', null);
INSERT INTO TRANSACTION_TYPE (TRANSACTION_TYPE_KEY, NAME, TYPE, CUSTOMER_KEY, PARENT_KEY) VALUES ('3', 'Топливо', 'C', '3', null);
INSERT INTO TRANSACTION_TYPE (TRANSACTION_TYPE_KEY, NAME, TYPE, CUSTOMER_KEY, PARENT_KEY) VALUES ('4', 'Коммунальные платежи', 'C', '3', null);
INSERT INTO TRANSACTION_TYPE (TRANSACTION_TYPE_KEY, NAME, TYPE, CUSTOMER_KEY, PARENT_KEY) VALUES ('5', 'Хоз.товары', 'C', '3', null);
INSERT INTO TRANSACTION_TYPE (TRANSACTION_TYPE_KEY, NAME, TYPE, CUSTOMER_KEY, PARENT_KEY) VALUES ('6', 'Остатки', 'D', '3', null);
INSERT INTO TRANSACTION_TYPE (TRANSACTION_TYPE_KEY, NAME, TYPE, CUSTOMER_KEY, PARENT_KEY) VALUES ('7', 'Обмен валют (приход)', 'D', '3', null);
INSERT INTO TRANSACTION_TYPE (TRANSACTION_TYPE_KEY, NAME, TYPE, CUSTOMER_KEY, PARENT_KEY) VALUES ('8', 'Обмен валют (расход)', 'C', '3', null);
INSERT INTO TRANSACTION_TYPE (TRANSACTION_TYPE_KEY, NAME, TYPE, CUSTOMER_KEY, PARENT_KEY) VALUES ('9', 'Услуги', 'C', '3', null);

INSERT INTO COUNTER_PARTY (COUNTER_PARTY_KEY, NAME, CUSTOMER_KEY) VALUES ('1', 'IBA IT Group', '3');
INSERT INTO COUNTER_PARTY (COUNTER_PARTY_KEY, NAME, CUSTOMER_KEY) VALUES ('2', 'Гипермаркет "Простор" на Дзержинского', '3');
INSERT INTO COUNTER_PARTY (COUNTER_PARTY_KEY, NAME, CUSTOMER_KEY) VALUES ('3', 'Гипермаркет "Евроопт" в Лошице', '3');
INSERT INTO COUNTER_PARTY (COUNTER_PARTY_KEY, NAME, CUSTOMER_KEY) VALUES ('4', 'Альфа-банк на Иегуменском тракте', '3');
INSERT INTO COUNTER_PARTY (COUNTER_PARTY_KEY, NAME, CUSTOMER_KEY) VALUES ('5', 'Клиент', '3');
INSERT INTO COUNTER_PARTY (COUNTER_PARTY_KEY, NAME, CUSTOMER_KEY) VALUES ('6', 'СОК "Олимп"', '3');


INSERT INTO TRANSACTION (TRANSACTION_KEY, AMOUNT, PROCESSING_DATE, CURRENCY, DESCRIPTION, CUSTOMER_KEY, TRANSACTION_TYPE_KEY, COUNTER_PARTY_KEY, ACCOUNT_KEY)
	VALUES (1, '70159.00', '2016-01-05', 'BYR', 'Остаток на карте', 3, 6, 5, 4);
INSERT INTO TRANSACTION (TRANSACTION_KEY, AMOUNT, PROCESSING_DATE, CURRENCY, DESCRIPTION, CUSTOMER_KEY, TRANSACTION_TYPE_KEY, COUNTER_PARTY_KEY, ACCOUNT_KEY)
	VALUES (2, '32446033.00', '2016-01-05', 'BYR', 'Зарплата за январь и 70% премии', 3, 1, 1, 4);
INSERT INTO TRANSACTION (TRANSACTION_KEY, AMOUNT, PROCESSING_DATE, CURRENCY, DESCRIPTION, CUSTOMER_KEY, TRANSACTION_TYPE_KEY, COUNTER_PARTY_KEY, ACCOUNT_KEY)
	VALUES (3, '1776.00', '2016-01-05', 'USD', 'Остаток наличных', 3, 6, 5, 5);
INSERT INTO TRANSACTION (TRANSACTION_KEY, AMOUNT, PROCESSING_DATE, CURRENCY, DESCRIPTION, CUSTOMER_KEY, TRANSACTION_TYPE_KEY, COUNTER_PARTY_KEY, ACCOUNT_KEY)
	VALUES (4, '26390000.00', '2016-01-05', 'BYR', 'Покупка долларов', 3, 8, 4, 4);
INSERT INTO TRANSACTION (TRANSACTION_KEY, AMOUNT, PROCESSING_DATE, CURRENCY, DESCRIPTION, CUSTOMER_KEY, TRANSACTION_TYPE_KEY, COUNTER_PARTY_KEY, ACCOUNT_KEY)
	VALUES (5, '1400.00', '2016-01-05', 'USD', 'Покупка долларов', 3, 7, 4, 5);
INSERT INTO TRANSACTION (TRANSACTION_KEY, AMOUNT, PROCESSING_DATE, CURRENCY, DESCRIPTION, CUSTOMER_KEY, TRANSACTION_TYPE_KEY, COUNTER_PARTY_KEY, ACCOUNT_KEY)
	VALUES (6, '92.00', '2016-01-05', 'BYR', 'Остаток на карте', 3, 6, 5, 6);
INSERT INTO TRANSACTION (TRANSACTION_KEY, AMOUNT, PROCESSING_DATE, CURRENCY, DESCRIPTION, CUSTOMER_KEY, TRANSACTION_TYPE_KEY, COUNTER_PARTY_KEY, ACCOUNT_KEY)
	VALUES (7, '87700.00', '2016-01-05', 'BYR', 'Остаток наличных', 3, 6, 5, 1);
INSERT INTO TRANSACTION (TRANSACTION_KEY, AMOUNT, PROCESSING_DATE, CURRENCY, DESCRIPTION, CUSTOMER_KEY, TRANSACTION_TYPE_KEY, COUNTER_PARTY_KEY, ACCOUNT_KEY)
	VALUES (8, '6000.00', '2016-01-05', 'BYR', 'Капучино в Олимпе', 3, 2, 6, 1);
INSERT INTO TRANSACTION (TRANSACTION_KEY, AMOUNT, PROCESSING_DATE, CURRENCY, DESCRIPTION, CUSTOMER_KEY, TRANSACTION_TYPE_KEY, COUNTER_PARTY_KEY, ACCOUNT_KEY)
	VALUES (9, '10.00', '2016-01-05', 'EUR', 'Остаток наличных', 3, 6, 5, 3);	
INSERT INTO TRANSACTION (TRANSACTION_KEY, AMOUNT, PROCESSING_DATE, CURRENCY, DESCRIPTION, CUSTOMER_KEY, TRANSACTION_TYPE_KEY, COUNTER_PARTY_KEY, ACCOUNT_KEY)
	VALUES (10, '37300.00', '2016-01-05', 'BYR', 'Груши, сметанники и вода', 3, 2, 3, 1);	
INSERT INTO TRANSACTION (TRANSACTION_KEY, AMOUNT, PROCESSING_DATE, CURRENCY, DESCRIPTION, CUSTOMER_KEY, TRANSACTION_TYPE_KEY, COUNTER_PARTY_KEY, ACCOUNT_KEY)
	VALUES (11, '9900.00', '2016-01-05', 'BYR', 'Дисконтная карта "Е-плюс"', 3, 9, 3, 1);
