INSERT INTO CUSTOMER (CUSTOMER_KEY, CUSTOMER_NAME, FIRST_NAME, LAST_NAME, EMAIL, BIRTHDATE, ENABLED, PASSWORD) VALUES (1, 'admin', 'Максим', 'Драгун', 'admin@mail.ru', '1991-02-04', true, 'fcc67c9419ac441040f62374dfb1d4ca455c9b4cd0a1f180efb48b4dd607f44019ab34a51c38af1e');
INSERT INTO CUSTOMER (CUSTOMER_KEY, CUSTOMER_NAME, FIRST_NAME, LAST_NAME, EMAIL, BIRTHDATE, ENABLED, PASSWORD) VALUES (2, 'guest', 'Гость', '', 'guest@expman.ru', null, true, 'fcc67c9419ac441040f62374dfb1d4ca455c9b4cd0a1f180efb48b4dd607f44019ab34a51c38af1e');
INSERT INTO CUSTOMER (CUSTOMER_KEY, CUSTOMER_NAME, FIRST_NAME, LAST_NAME, EMAIL, BIRTHDATE, ENABLED, PASSWORD) VALUES (3, 'makseemka', 'Максим', 'Драгун', 'max@mail.ru', '1991-02-04', true, 'fcc67c9419ac441040f62374dfb1d4ca455c9b4cd0a1f180efb48b4dd607f44019ab34a51c38af1e');

INSERT INTO ROLE (ROLE_KEY, ROLE_NAME) VALUES (1, 'ADMIN');
INSERT INTO ROLE (ROLE_KEY, ROLE_NAME) VALUES (2, 'CUSTOMER');
INSERT INTO ROLE (ROLE_KEY, ROLE_NAME) VALUES (3, 'ANONYMOUS');

INSERT INTO CUSTOMER_ROLE (CUSTOMER_KEY, ROLE_KEY) VALUES (1, 1);
INSERT INTO CUSTOMER_ROLE (CUSTOMER_KEY, ROLE_KEY) VALUES (1, 2);
INSERT INTO CUSTOMER_ROLE (CUSTOMER_KEY, ROLE_KEY) VALUES (3, 2);
INSERT INTO CUSTOMER_ROLE (CUSTOMER_KEY, ROLE_KEY) VALUES (2, 3);
/*
INSERT INTO ACCOUNT (ACCOUNT_KEY, NUMBER, CURRENCY, CUSTOMER_KEY, TYPE) VALUES ('1', 'BYR0000000001', 'BYR', '3', 0);
INSERT INTO ACCOUNT (ACCOUNT_KEY, NUMBER, CURRENCY, CUSTOMER_KEY, TYPE) VALUES ('2', 'USD0000000002', 'USD', '3', 0);
INSERT INTO ACCOUNT (ACCOUNT_KEY, NUMBER, CURRENCY, CUSTOMER_KEY, TYPE) VALUES ('3', 'EUR0000000003', 'EUR', '3', 0);
INSERT INTO ACCOUNT (ACCOUNT_KEY, NUMBER, CURRENCY, CUSTOMER_KEY, TYPE) VALUES ('4', 'ALFA3014486081004', 'BYR', '3', 1);
INSERT INTO ACCOUNT (ACCOUNT_KEY, NUMBER, CURRENCY, CUSTOMER_KEY, TYPE) VALUES ('5', 'ALFA3014486081001', 'USD', '3', 1);
INSERT INTO ACCOUNT (ACCOUNT_KEY, NUMBER, CURRENCY, CUSTOMER_KEY, TYPE) VALUES ('6', 'ALFA3014486081020', 'BYR', '3', 1);
INSERT INTO ACCOUNT (ACCOUNT_KEY, NUMBER, CURRENCY, CUSTOMER_KEY, TYPE) VALUES ('7', 'VPROK9112191010341428', 'BYR', '3', 1);

INSERT INTO TRANSACTION_TYPE (TRANSACTION_TYPE_KEY, NAME, CUSTOMER_KEY, PARENT_KEY) VALUES ('1', 'Зарплата', '3', null);
INSERT INTO TRANSACTION_TYPE (TRANSACTION_TYPE_KEY, NAME, CUSTOMER_KEY, PARENT_KEY) VALUES ('2', 'Еда', '3', null);
INSERT INTO TRANSACTION_TYPE (TRANSACTION_TYPE_KEY, NAME, CUSTOMER_KEY, PARENT_KEY) VALUES ('3', 'Топливо', '3', null);
INSERT INTO TRANSACTION_TYPE (TRANSACTION_TYPE_KEY, NAME, CUSTOMER_KEY, PARENT_KEY) VALUES ('4', 'Коммунальные платежи', '3', null);
INSERT INTO TRANSACTION_TYPE (TRANSACTION_TYPE_KEY, NAME, CUSTOMER_KEY, PARENT_KEY) VALUES ('5', 'Хоз.товары', '3', null);
INSERT INTO TRANSACTION_TYPE (TRANSACTION_TYPE_KEY, NAME, CUSTOMER_KEY, PARENT_KEY) VALUES ('6', 'Остатки', '3', null);
INSERT INTO TRANSACTION_TYPE (TRANSACTION_TYPE_KEY, NAME, CUSTOMER_KEY, PARENT_KEY) VALUES ('7', 'Обмен валют', '3', null);
INSERT INTO TRANSACTION_TYPE (TRANSACTION_TYPE_KEY, NAME, CUSTOMER_KEY, PARENT_KEY) VALUES ('8', 'Снятие наличных', '3', null);
INSERT INTO TRANSACTION_TYPE (TRANSACTION_TYPE_KEY, NAME, CUSTOMER_KEY, PARENT_KEY) VALUES ('9', 'Услуги', '3', null);
INSERT INTO TRANSACTION_TYPE (TRANSACTION_TYPE_KEY, NAME, CUSTOMER_KEY, PARENT_KEY) VALUES ('10', 'Скидка', '3', null);
INSERT INTO TRANSACTION_TYPE (TRANSACTION_TYPE_KEY, NAME, CUSTOMER_KEY, PARENT_KEY) VALUES ('11', 'Автомобиль', '3', null);
INSERT INTO TRANSACTION_TYPE (TRANSACTION_TYPE_KEY, NAME, CUSTOMER_KEY, PARENT_KEY) VALUES ('12', 'Займ', '3', null);
INSERT INTO TRANSACTION_TYPE (TRANSACTION_TYPE_KEY, NAME, CUSTOMER_KEY, PARENT_KEY) VALUES ('13', 'Долг', '3', null);
INSERT INTO TRANSACTION_TYPE (TRANSACTION_TYPE_KEY, NAME, CUSTOMER_KEY, PARENT_KEY) VALUES ('14', 'Алкоголь', '3', null);
INSERT INTO TRANSACTION_TYPE (TRANSACTION_TYPE_KEY, NAME, CUSTOMER_KEY, PARENT_KEY) VALUES ('15', 'Интернет', '3', null);

INSERT INTO COUNTER_PARTY (COUNTER_PARTY_KEY, NAME, CUSTOMER_KEY) VALUES ('1', 'IBA IT Group', '3');
INSERT INTO COUNTER_PARTY (COUNTER_PARTY_KEY, NAME, CUSTOMER_KEY) VALUES ('2', 'Гипермаркет "Простор" на Дзержинского', '3');
INSERT INTO COUNTER_PARTY (COUNTER_PARTY_KEY, NAME, CUSTOMER_KEY) VALUES ('3', 'Гипермаркет "Евроопт" в Лошице', '3');
INSERT INTO COUNTER_PARTY (COUNTER_PARTY_KEY, NAME, CUSTOMER_KEY) VALUES ('4', 'Альфа-банк на Иегуменском тракте', '3');
INSERT INTO COUNTER_PARTY (COUNTER_PARTY_KEY, NAME, CUSTOMER_KEY) VALUES ('5', 'Клиент', '3');
INSERT INTO COUNTER_PARTY (COUNTER_PARTY_KEY, NAME, CUSTOMER_KEY) VALUES ('6', 'СОК "Олимп"', '3');
INSERT INTO COUNTER_PARTY (COUNTER_PARTY_KEY, NAME, CUSTOMER_KEY) VALUES ('7', 'Богдановский Никита', '3');
INSERT INTO COUNTER_PARTY (COUNTER_PARTY_KEY, NAME, CUSTOMER_KEY) VALUES ('8', 'ТЦ "Скала"', '3');
INSERT INTO COUNTER_PARTY (COUNTER_PARTY_KEY, NAME, CUSTOMER_KEY) VALUES ('9', 'МТС', '3');


INSERT INTO TRANSACTION (TRANSACTION_KEY, AMOUNT, PROCESSING_DATE, CURRENCY, DESCRIPTION, CUSTOMER_KEY, TRANSACTION_TYPE_KEY, COUNTER_PARTY_KEY, ACCOUNT_KEY, TYPE)
	VALUES (1, '70059.00', '2016-01-05', 'BYR', 'Остаток на карте', 3, 6, 5, 4, 'D');
INSERT INTO TRANSACTION (TRANSACTION_KEY, AMOUNT, PROCESSING_DATE, CURRENCY, DESCRIPTION, CUSTOMER_KEY, TRANSACTION_TYPE_KEY, COUNTER_PARTY_KEY, ACCOUNT_KEY, TYPE)
	VALUES (2, '32446033.00', '2016-01-05', 'BYR', 'Зарплата за январь и 70% премии', 3, 1, 1, 4, 'D');
INSERT INTO TRANSACTION (TRANSACTION_KEY, AMOUNT, PROCESSING_DATE, CURRENCY, DESCRIPTION, CUSTOMER_KEY, TRANSACTION_TYPE_KEY, COUNTER_PARTY_KEY, ACCOUNT_KEY, TYPE)
	VALUES (3, '1776.00', '2016-01-05', 'USD', 'Остаток наличных', 3, 6, 5, 5, 'D');
INSERT INTO TRANSACTION (TRANSACTION_KEY, AMOUNT, PROCESSING_DATE, CURRENCY, DESCRIPTION, CUSTOMER_KEY, TRANSACTION_TYPE_KEY, COUNTER_PARTY_KEY, ACCOUNT_KEY, TYPE)
	VALUES (4, '26390000.00', '2016-01-05', 'BYR', 'Покупка долларов', 3, 8, 4, 4, 'C');
INSERT INTO TRANSACTION (TRANSACTION_KEY, AMOUNT, PROCESSING_DATE, CURRENCY, DESCRIPTION, CUSTOMER_KEY, TRANSACTION_TYPE_KEY, COUNTER_PARTY_KEY, ACCOUNT_KEY, TYPE)
	VALUES (5, '1400.00', '2016-01-05', 'USD', 'Покупка долларов', 3, 7, 4, 5, 'D');
INSERT INTO TRANSACTION (TRANSACTION_KEY, AMOUNT, PROCESSING_DATE, CURRENCY, DESCRIPTION, CUSTOMER_KEY, TRANSACTION_TYPE_KEY, COUNTER_PARTY_KEY, ACCOUNT_KEY, TYPE)
	VALUES (6, '92.00', '2016-01-05', 'BYR', 'Остаток на карте', 3, 6, 5, 6, 'D');
INSERT INTO TRANSACTION (TRANSACTION_KEY, AMOUNT, PROCESSING_DATE, CURRENCY, DESCRIPTION, CUSTOMER_KEY, TRANSACTION_TYPE_KEY, COUNTER_PARTY_KEY, ACCOUNT_KEY, TYPE)
	VALUES (7, '87700.00', '2016-01-05', 'BYR', 'Остаток наличных', 3, 6, 5, 1, 'D');
INSERT INTO TRANSACTION (TRANSACTION_KEY, AMOUNT, PROCESSING_DATE, CURRENCY, DESCRIPTION, CUSTOMER_KEY, TRANSACTION_TYPE_KEY, COUNTER_PARTY_KEY, ACCOUNT_KEY, TYPE)
	VALUES (8, '6000.00', '2016-01-05', 'BYR', 'Капучино в Олимпе', 3, 2, 6, 1, 'C');
INSERT INTO TRANSACTION (TRANSACTION_KEY, AMOUNT, PROCESSING_DATE, CURRENCY, DESCRIPTION, CUSTOMER_KEY, TRANSACTION_TYPE_KEY, COUNTER_PARTY_KEY, ACCOUNT_KEY, TYPE)
	VALUES (9, '10.00', '2016-01-05', 'EUR', 'Остаток наличных', 3, 6, 5, 3, 'D');	
INSERT INTO TRANSACTION (TRANSACTION_KEY, AMOUNT, PROCESSING_DATE, CURRENCY, DESCRIPTION, CUSTOMER_KEY, TRANSACTION_TYPE_KEY, COUNTER_PARTY_KEY, ACCOUNT_KEY, TYPE)
	VALUES (10, '37300.00', '2016-01-05', 'BYR', 'Груши, сметанники и вода', 3, 2, 3, 1, 'C');	
INSERT INTO TRANSACTION (TRANSACTION_KEY, AMOUNT, PROCESSING_DATE, CURRENCY, DESCRIPTION, CUSTOMER_KEY, TRANSACTION_TYPE_KEY, COUNTER_PARTY_KEY, ACCOUNT_KEY, TYPE)
	VALUES (11, '9900.00', '2016-01-05', 'BYR', 'Дисконтная карта "Е-плюс"', 3, 9, 3, 1, 'C');
INSERT INTO TRANSACTION (TRANSACTION_KEY, AMOUNT, PROCESSING_DATE, CURRENCY, DESCRIPTION, CUSTOMER_KEY, TRANSACTION_TYPE_KEY, COUNTER_PARTY_KEY, ACCOUNT_KEY, TYPE)
	VALUES (12, '9900.00', '2016-01-06', 'BYR', 'Дисконтная карта "Впрок"', 3, 9, 2, 1, 'C');
INSERT INTO TRANSACTION (TRANSACTION_KEY, AMOUNT, PROCESSING_DATE, CURRENCY, DESCRIPTION, CUSTOMER_KEY, TRANSACTION_TYPE_KEY, COUNTER_PARTY_KEY, ACCOUNT_KEY, TYPE)
	VALUES (13, '89800.00', '2016-01-06', 'BYR', 'Фрукты и молочные продукты', 3, 2, 2, 4, 'C');
INSERT INTO TRANSACTION (TRANSACTION_KEY, AMOUNT, PROCESSING_DATE, CURRENCY, DESCRIPTION, CUSTOMER_KEY, TRANSACTION_TYPE_KEY, COUNTER_PARTY_KEY, ACCOUNT_KEY, TYPE)
	VALUES (14, '898.00', '2016-01-06', 'BYR', 'Возврат на карту "Впрок"', 3, 10, 2, 7, 'D');
INSERT INTO TRANSACTION (TRANSACTION_KEY, AMOUNT, PROCESSING_DATE, CURRENCY, DESCRIPTION, CUSTOMER_KEY, TRANSACTION_TYPE_KEY, COUNTER_PARTY_KEY, ACCOUNT_KEY, TYPE)
	VALUES (15, '71400.00', '2016-01-06', 'BYR', 'Порошок Persil', 3, 5, 2, 4, 'C');
INSERT INTO TRANSACTION (TRANSACTION_KEY, AMOUNT, PROCESSING_DATE, CURRENCY, DESCRIPTION, CUSTOMER_KEY, TRANSACTION_TYPE_KEY, COUNTER_PARTY_KEY, ACCOUNT_KEY, TYPE)
	VALUES (16, '714.00', '2016-01-06', 'BYR', 'Возврат на карту "Впрок"', 3, 10, 2, 7, 'D');
INSERT INTO TRANSACTION (TRANSACTION_KEY, AMOUNT, PROCESSING_DATE, CURRENCY, DESCRIPTION, CUSTOMER_KEY, TRANSACTION_TYPE_KEY, COUNTER_PARTY_KEY, ACCOUNT_KEY, TYPE)
	VALUES (17, '24200.00', '2016-01-07 18:00:01', 'BYR', 'Перловка, сметанник, молоко', 3, 2, 2, 4, 'C');	
INSERT INTO TRANSACTION (TRANSACTION_KEY, AMOUNT, PROCESSING_DATE, CURRENCY, DESCRIPTION, CUSTOMER_KEY, TRANSACTION_TYPE_KEY, COUNTER_PARTY_KEY, ACCOUNT_KEY, TYPE)
	VALUES (18, '299.00', '2016-01-07 18:00:02', 'BYR', 'Возврат на карту "Впрок"', 3, 10, 2, 7, 'D');
INSERT INTO TRANSACTION (TRANSACTION_KEY, AMOUNT, PROCESSING_DATE, CURRENCY, DESCRIPTION, CUSTOMER_KEY, TRANSACTION_TYPE_KEY, COUNTER_PARTY_KEY, ACCOUNT_KEY, TYPE)
	VALUES (19, '29000.00', '2016-01-07 18:00:03', 'BYR', 'Задние фонари в машину', 3, 11, 2, 4, 'C');		
INSERT INTO TRANSACTION (TRANSACTION_KEY, AMOUNT, PROCESSING_DATE, CURRENCY, DESCRIPTION, CUSTOMER_KEY, TRANSACTION_TYPE_KEY, COUNTER_PARTY_KEY, ACCOUNT_KEY, TYPE)
	VALUES (20, '290.00', '2016-01-07 18:00:04', 'BYR', 'Возврат на карту "Впрок"', 3, 10, 2, 7, 'D');
	
INSERT INTO TRANSACTION (TRANSACTION_KEY, AMOUNT, PROCESSING_DATE, CURRENCY, DESCRIPTION, CUSTOMER_KEY, TRANSACTION_TYPE_KEY, COUNTER_PARTY_KEY, ACCOUNT_KEY, TYPE)
	VALUES (21, '300000.00', '2016-01-08 17:00:00', 'BYR', 'Снятие наличных', 3, 8, 5, 4, 'C');
INSERT INTO TRANSACTION (TRANSACTION_KEY, AMOUNT, PROCESSING_DATE, CURRENCY, DESCRIPTION, CUSTOMER_KEY, TRANSACTION_TYPE_KEY, COUNTER_PARTY_KEY, ACCOUNT_KEY, TYPE)
	VALUES (22, '300000.00', '2016-01-08 17:00:01', 'BYR', 'Снятие наличных', 3, 8, 5, 1, 'D');
INSERT INTO TRANSACTION (TRANSACTION_KEY, AMOUNT, PROCESSING_DATE, CURRENCY, DESCRIPTION, CUSTOMER_KEY, TRANSACTION_TYPE_KEY, COUNTER_PARTY_KEY, ACCOUNT_KEY, TYPE)
	VALUES (23, '20100.00', '2016-01-08 17:10:00', 'BYR', 'Сок "Rich"', 3, 2, 8, 1, 'C');
INSERT INTO TRANSACTION (TRANSACTION_KEY, AMOUNT, PROCESSING_DATE, CURRENCY, DESCRIPTION, CUSTOMER_KEY, TRANSACTION_TYPE_KEY, COUNTER_PARTY_KEY, ACCOUNT_KEY, TYPE)
	VALUES (24, '28000.00', '2016-01-08 17:10:01', 'BYR', 'Збитень', 3, 14, 8, 1, 'C');
INSERT INTO TRANSACTION (TRANSACTION_KEY, AMOUNT, PROCESSING_DATE, CURRENCY, DESCRIPTION, CUSTOMER_KEY, TRANSACTION_TYPE_KEY, COUNTER_PARTY_KEY, ACCOUNT_KEY, TYPE)
	VALUES (25, '70000.00', '2016-01-08 19:10:00', 'BYR', 'Деньги на телефон', 3, 12, 7, 4, 'C');
INSERT INTO TRANSACTION (TRANSACTION_KEY, AMOUNT, PROCESSING_DATE, CURRENCY, DESCRIPTION, CUSTOMER_KEY, TRANSACTION_TYPE_KEY, COUNTER_PARTY_KEY, ACCOUNT_KEY, TYPE)
	VALUES (26, '70000.00', '2016-01-08 19:10:01', 'BYR', 'Деньги на телефон', 3, 12, 7, 1, 'D');
INSERT INTO TRANSACTION (TRANSACTION_KEY, AMOUNT, PROCESSING_DATE, CURRENCY, DESCRIPTION, CUSTOMER_KEY, TRANSACTION_TYPE_KEY, COUNTER_PARTY_KEY, ACCOUNT_KEY, TYPE)
	VALUES (27, '150000.00', '2016-01-09 12:10:00', 'BYR', 'МТС интернет', 3, 15, 9, 4, 'C');
*/