INSERT INTO CUSTOMER (CUSTOMER_KEY, CUSTOMER_NAME, FIRST_NAME, LAST_NAME, EMAIL, BIRTHDATE, ENABLED, PASSWORD) VALUES (1, 'admin', 'РњР°РєСЃРёРј', 'Р”СЂР°РіСѓРЅ', 'admin@mail.ru', '1991-02-04', true, 'fcc67c9419ac441040f62374dfb1d4ca455c9b4cd0a1f180efb48b4dd607f44019ab34a51c38af1e');
INSERT INTO CUSTOMER (CUSTOMER_KEY, CUSTOMER_NAME, FIRST_NAME, LAST_NAME, EMAIL, BIRTHDATE, ENABLED, PASSWORD) VALUES (2, 'guest', 'Гость', '', 'guest@expman.ru', null, true, 'fcc67c9419ac441040f62374dfb1d4ca455c9b4cd0a1f180efb48b4dd607f44019ab34a51c38af1e');
INSERT INTO CUSTOMER (CUSTOMER_KEY, CUSTOMER_NAME, FIRST_NAME, LAST_NAME, EMAIL, BIRTHDATE, ENABLED, PASSWORD) VALUES (3, 'user', 'РњР°РєСЃРёРј', 'Р”СЂР°РіСѓРЅ', 'max@mail.ru', '1991-02-04', true, 'fcc67c9419ac441040f62374dfb1d4ca455c9b4cd0a1f180efb48b4dd607f44019ab34a51c38af1e');


INSERT INTO ROLE (ROLE_KEY, ROLE_NAME) VALUES (1, 'ADMIN');
INSERT INTO ROLE (ROLE_KEY, ROLE_NAME) VALUES (2, 'CUSTOMER');
INSERT INTO ROLE (ROLE_KEY, ROLE_NAME) VALUES (3, 'ANONYMOUS');

INSERT INTO CUSTOMER_ROLE (CUSTOMER_KEY, ROLE_KEY) VALUES (1, 1);
INSERT INTO CUSTOMER_ROLE (CUSTOMER_KEY, ROLE_KEY) VALUES (1, 2);
INSERT INTO CUSTOMER_ROLE (CUSTOMER_KEY, ROLE_KEY) VALUES (3, 2);
INSERT INTO CUSTOMER_ROLE (CUSTOMER_KEY, ROLE_KEY) VALUES (2, 3);

INSERT INTO INTERCHANGE_TYPE (INTERCHANGE_TYPE_KEY, NAME, TYPE, CUSTOMER_KEY, PARENT_KEY) VALUES ('1', 'Salary', 'D', '1', null);
INSERT INTO INTERCHANGE_TYPE (INTERCHANGE_TYPE_KEY, NAME, TYPE, CUSTOMER_KEY, PARENT_KEY) VALUES ('2', 'Food', 'C', '1', null);
INSERT INTO INTERCHANGE_TYPE (INTERCHANGE_TYPE_KEY, NAME, TYPE, CUSTOMER_KEY, PARENT_KEY) VALUES ('3', 'Fuel', 'C', '1', null);
INSERT INTO INTERCHANGE_TYPE (INTERCHANGE_TYPE_KEY, NAME, TYPE, CUSTOMER_KEY, PARENT_KEY) VALUES ('4', 'Internet', 'C', '1', null);
INSERT INTO INTERCHANGE_TYPE (INTERCHANGE_TYPE_KEY, NAME, TYPE, CUSTOMER_KEY, PARENT_KEY) VALUES ('5', 'Bonus', 'D', '1', null);

INSERT INTO COUNTER_PARTY (COUNTER_PARTY_KEY, NAME, CUSTOMER_KEY) VALUES ('1', 'Р Р°Р±РѕС‚Р° (IBA)', '1');
INSERT INTO COUNTER_PARTY (COUNTER_PARTY_KEY, NAME, CUSTOMER_KEY) VALUES ('2', 'РџСЂРѕСЃС‚РѕСЂ РЅР° Р”Р·РµСЂР¶РёРЅСЃРєРѕРіРѕ', '1');
INSERT INTO COUNTER_PARTY (COUNTER_PARTY_KEY, NAME, CUSTOMER_KEY) VALUES ('3', 'РЈРЅРёРІРµСЂСЃР°Рј РЎС‚РѕР»РёС‡РЅС‹Р№', '1');
INSERT INTO COUNTER_PARTY (COUNTER_PARTY_KEY, NAME, CUSTOMER_KEY) VALUES ('4', 'РЎР»СѓС‡Р°Р№РЅС‹Р№ С‡РµР»РѕРІРµРє', '1');

INSERT INTO INTERCHANGE (INTERCHANGE_KEY, AMOUNT, PROCESSING_DATE, CURRENCY, DESCRIPTION, CUSTOMER_KEY, INTERCHANGE_TYPE_KEY, COUNTER_PARTY_KEY)
	VALUES ('1', '7197800.00', '2015-07-21', 'BYR', 'РђРІР°РЅСЃ', '1', '1', '1');
INSERT INTO INTERCHANGE (INTERCHANGE_KEY, AMOUNT, PROCESSING_DATE, CURRENCY, DESCRIPTION, CUSTOMER_KEY, INTERCHANGE_TYPE_KEY, COUNTER_PARTY_KEY)
	VALUES ('2', '58000.00', '2015-07-21', 'BYR', 'РџРµСЂСЃРёРєРё Рё С‚РѕСЂС‚', '1', '2', '2');
INSERT INTO INTERCHANGE (INTERCHANGE_KEY, AMOUNT, PROCESSING_DATE, CURRENCY, DESCRIPTION, CUSTOMER_KEY, INTERCHANGE_TYPE_KEY, COUNTER_PARTY_KEY)
	VALUES ('3', '7800.00', '2015-07-22', 'BYR', 'РЎРјРµС‚Р°РЅРЅРёРє Рё Р±СѓР»РѕС‡РєР°', '1', '2', '3');
INSERT INTO INTERCHANGE (INTERCHANGE_KEY, AMOUNT, PROCESSING_DATE, CURRENCY, DESCRIPTION, CUSTOMER_KEY, INTERCHANGE_TYPE_KEY, COUNTER_PARTY_KEY)
	VALUES ('4', '11000.00', '2015-07-22', 'BYR', 'Р’РѕР·РЅР°РіСЂР°Р¶РґРµРЅРёРµ Р·Р° РїСЂРёРєСѓСЂРёРІР°РЅРёРµ', '1', '5', '4');
INSERT INTO INTERCHANGE (INTERCHANGE_KEY, AMOUNT, PROCESSING_DATE, CURRENCY, DESCRIPTION, CUSTOMER_KEY, INTERCHANGE_TYPE_KEY, COUNTER_PARTY_KEY)
	VALUES ('5', '594', '2015-07-17', 'USD', 'РљРѕРјР°РЅРґРёСЂРѕРІРѕС‡РЅС‹Рµ РѕС„РёС†РёР°Р»СЊРЅС‹Рµ', '1', '1', '1');
