INSERT INTO CUSTOMER (CUSTOMER_KEY, CUSTOMER_NAME, ENABLED, PASSWORD) VALUES (1, 'admin', true, 'password');
INSERT INTO CUSTOMER (CUSTOMER_KEY, CUSTOMER_NAME, ENABLED, PASSWORD) VALUES (2, 'user', true, 'password');

INSERT INTO ROLE (ROLE_KEY, ROLE_NAME) VALUES (1, 'ADMIN');
INSERT INTO ROLE (ROLE_KEY, ROLE_NAME) VALUES (2, 'USER');
INSERT INTO ROLE (ROLE_KEY, ROLE_NAME) VALUES (3, 'ANONYMOUS');

INSERT INTO CUSTOMER_ROLE (CUSTOMER_KEY, ROLE_KEY) VALUES (1, 1);
INSERT INTO CUSTOMER_ROLE (CUSTOMER_KEY, ROLE_KEY) VALUES (1, 2);
INSERT INTO CUSTOMER_ROLE (CUSTOMER_KEY, ROLE_KEY) VALUES (2, 2);

INSERT INTO INTERCHANGE_TYPE (INTERCHANGE_TYPE_KEY, NAME, TYPE, CUSTOMER_KEY, PARENT_KEY) VALUES ('1', 'Salary', 'D', '1', null);
INSERT INTO INTERCHANGE_TYPE (INTERCHANGE_TYPE_KEY, NAME, TYPE, CUSTOMER_KEY, PARENT_KEY) VALUES ('2', 'Food', 'C', '1', null);
INSERT INTO INTERCHANGE_TYPE (INTERCHANGE_TYPE_KEY, NAME, TYPE, CUSTOMER_KEY, PARENT_KEY) VALUES ('3', 'Fuel', 'C', '1', null);
INSERT INTO INTERCHANGE_TYPE (INTERCHANGE_TYPE_KEY, NAME, TYPE, CUSTOMER_KEY, PARENT_KEY) VALUES ('4', 'Internet', 'C', '1', null);
INSERT INTO INTERCHANGE_TYPE (INTERCHANGE_TYPE_KEY, NAME, TYPE, CUSTOMER_KEY, PARENT_KEY) VALUES ('5', 'Bonus', 'D', '1', null);

INSERT INTO COUNTER_PARTY (COUNTER_PARTY_KEY, NAME, CUSTOMER_KEY) VALUES ('1', 'Работа (IBA)', '1');
INSERT INTO COUNTER_PARTY (COUNTER_PARTY_KEY, NAME, CUSTOMER_KEY) VALUES ('2', 'Простор на Дзержинского', '1');
INSERT INTO COUNTER_PARTY (COUNTER_PARTY_KEY, NAME, CUSTOMER_KEY) VALUES ('3', 'Универсам Столичный', '1');
INSERT INTO COUNTER_PARTY (COUNTER_PARTY_KEY, NAME, CUSTOMER_KEY) VALUES ('4', 'Случайный человек', '1');

INSERT INTO INTERCHANGE (INTERCHANGE_KEY, AMOUNT, PROCESSING_DATE, CURRENCY, DESCRIPTION, CUSTOMER_KEY, INTERCHANGE_TYPE_KEY, COUNTER_PARTY_KEY)
	VALUES ('1', '7197800.00', '2015-07-21', 'BYR', 'Аванс', '1', '1', '1');
INSERT INTO INTERCHANGE (INTERCHANGE_KEY, AMOUNT, PROCESSING_DATE, CURRENCY, DESCRIPTION, CUSTOMER_KEY, INTERCHANGE_TYPE_KEY, COUNTER_PARTY_KEY)
	VALUES ('2', '58000.00', '2015-07-21', 'BYR', 'Персики и торт', '1', '2', '2');
INSERT INTO INTERCHANGE (INTERCHANGE_KEY, AMOUNT, PROCESSING_DATE, CURRENCY, DESCRIPTION, CUSTOMER_KEY, INTERCHANGE_TYPE_KEY, COUNTER_PARTY_KEY)
	VALUES ('3', '7800.00', '2015-07-22', 'BYR', 'Сметанник и булочка', '1', '2', '3');
INSERT INTO INTERCHANGE (INTERCHANGE_KEY, AMOUNT, PROCESSING_DATE, CURRENCY, DESCRIPTION, CUSTOMER_KEY, INTERCHANGE_TYPE_KEY, COUNTER_PARTY_KEY)
	VALUES ('4', '11000.00', '2015-07-22', 'BYR', 'Вознаграждение за прикуривание', '1', '5', '4');
INSERT INTO INTERCHANGE (INTERCHANGE_KEY, AMOUNT, PROCESSING_DATE, CURRENCY, DESCRIPTION, CUSTOMER_KEY, INTERCHANGE_TYPE_KEY, COUNTER_PARTY_KEY)
	VALUES ('5', '594', '2015-07-17', 'USD', 'Командировочные официальные', '1', '1', '1');
